{"cameraMode":{"drawMode":0,"name":"Shaded","section":"Shading Mode"},"sceneLighting":false,"audioPlay":false,"sceneViewState":{"showFog":true,"showMaterialUpdate":true,"showSkybox":false,"showFlares":true,"showImageEffects":true,"showParticleSystems":true,"showVisualEffectGraphs":true,"m_FxEnabled":true},"in2DMode":false,"pivot":{"x":-0.22371554374694825,"y":-22.091670989990236,"z":19.178241729736329},"rotation":{"x":0.364730566740036,"y":0.026531487703323365,"z":-0.010396158322691918,"w":0.9306834936141968},"size":44.62022018432617,"orthographic":false}