{"cameraMode":{"drawMode":0,"name":"Shaded","section":"Shading Mode"},"sceneLighting":false,"audioPlay":false,"sceneViewState":{"showFog":true,"showMaterialUpdate":true,"showSkybox":false,"showFlares":true,"showImageEffects":true,"showParticleSystems":true,"showVisualEffectGraphs":true,"m_FxEnabled":true},"in2DMode":false,"pivot":{"x":-0.1126994788646698,"y":-2.828845977783203,"z":-0.0891876220703125},"rotation":{"x":0.32404282689094546,"y":0.001419049920514226,"z":-0.0004860980552621186,"w":0.9460415840148926},"size":30.281824111938478,"orthographic":false}