{"cameraMode":{"drawMode":0,"name":"Shaded","section":"Shading Mode"},"sceneLighting":false,"audioPlay":false,"sceneViewState":{"showFog":true,"showMaterialUpdate":true,"showSkybox":false,"showFlares":true,"showImageEffects":true,"showParticleSystems":true,"showVisualEffectGraphs":true,"m_FxEnabled":true},"in2DMode":false,"pivot":{"x":-0.08828544616699219,"y":0.49000000953674319,"z":4.940000057220459},"rotation":{"x":0.3592757284641266,"y":0.006999005563557148,"z":-0.0026931401807814838,"w":0.9332080483436585},"size":4.101659297943115,"orthographic":false}