{"cameraMode":{"drawMode":0,"name":"Shaded","section":"Shading Mode"},"sceneLighting":false,"audioPlay":false,"sceneViewState":{"showFog":true,"showMaterialUpdate":true,"showSkybox":false,"showFlares":true,"showImageEffects":true,"showParticleSystems":true},"in2DMode":false,"pivot":{"x":1.1434580087661744,"y":0.4015645980834961,"z":-1.397646427154541},"rotation":{"x":0.5504567623138428,"y":0.26354488730430605,"z":-0.18854930996894837,"w":0.7694193720817566},"size":6.821318626403809,"orthographic":false}