{"cameraMode":{"drawMode":0,"name":"Shaded","section":"Shading Mode"},"sceneLighting":false,"audioPlay":false,"sceneViewState":{"showFog":true,"showMaterialUpdate":true,"showSkybox":false,"showFlares":true,"showImageEffects":true,"showParticleSystems":true},"in2DMode":false,"pivot":{"x":3.707993268966675,"y":-1.8153648376464844,"z":6.507597923278809},"rotation":{"x":0.4776678681373596,"y":-0.002635406330227852,"z":0.001433259341865778,"w":0.8785362243652344},"size":15.586596488952637,"orthographic":false}