{"cameraMode":{"drawMode":0,"name":"Shaded","section":"Shading Mode"},"sceneLighting":false,"audioPlay":false,"sceneViewState":{"showFog":true,"showMaterialUpdate":true,"showSkybox":false,"showFlares":true,"showImageEffects":true,"showParticleSystems":true},"in2DMode":false,"pivot":{"x":-1.3409223556518555,"y":-3.622011184692383,"z":3.072260856628418},"rotation":{"x":0.4735391438007355,"y":-0.023775169625878335,"z":0.012788806110620499,"w":0.8803606033325195},"size":16.055078506469728,"orthographic":false}