{"cameraMode":{"drawMode":0,"name":"Shaded","section":"Shading Mode"},"sceneLighting":false,"audioPlay":false,"sceneViewState":{"showFog":true,"showMaterialUpdate":true,"showSkybox":false,"showFlares":true,"showImageEffects":true,"showParticleSystems":true},"in2DMode":false,"pivot":{"x":1.0,"y":1.8857195377349854,"z":-2.3970160484313967},"rotation":{"x":-0.0005060681723989546,"y":0.9856649041175842,"z":-0.1686887890100479,"w":-0.002957006683573127},"size":1.0951391458511353,"orthographic":false}