{"cameraMode":{"drawMode":0,"name":"Shaded","section":"Shading Mode"},"sceneLighting":false,"audioPlay":false,"sceneViewState":{"showFog":true,"showMaterialUpdate":true,"showSkybox":false,"showFlares":true,"showImageEffects":true,"showParticleSystems":true},"in2DMode":false,"pivot":{"x":2.3696465492248537,"y":-1.5400891304016114,"z":-1.2616486549377442},"rotation":{"x":0.3617522418498993,"y":-0.41123881936073305,"z":0.18216630816459657,"w":0.8166370391845703},"size":4.73400354385376,"orthographic":false}