{"cameraMode":{"drawMode":0,"name":"Shaded","section":"Shading Mode"},"sceneLighting":false,"audioPlay":false,"sceneViewState":{"showFog":true,"showMaterialUpdate":true,"showSkybox":false,"showFlares":true,"showImageEffects":true,"showParticleSystems":true},"in2DMode":false,"pivot":{"x":-0.011785507202148438,"y":0.5221419334411621,"z":1.1240286827087403},"rotation":{"x":0.0019006980583071709,"y":-0.9843195676803589,"z":0.17606724798679353,"w":0.01062712725251913},"size":4.129388332366943,"orthographic":false}