{"cameraMode":{"drawMode":0,"name":"Shaded","section":"Shading Mode"},"sceneLighting":false,"audioPlay":false,"sceneViewState":{"showFog":true,"showMaterialUpdate":true,"showSkybox":false,"showFlares":true,"showImageEffects":true,"showParticleSystems":true},"in2DMode":false,"pivot":{"x":-25.153902053833009,"y":-13.684898376464844,"z":12.345505714416504},"rotation":{"x":0.4309217929840088,"y":0.0035150526091456415,"z":-0.0016779304714873434,"w":0.9024187922477722},"size":19.435850143432618,"orthographic":false}