{"cameraMode":{"drawMode":0,"name":"Shaded","section":"Shading Mode"},"sceneLighting":false,"audioPlay":false,"sceneViewState":{"showFog":true,"showMaterialUpdate":true,"showSkybox":false,"showFlares":true,"showImageEffects":true,"showParticleSystems":true},"in2DMode":false,"pivot":{"x":2.529298782348633,"y":-1.4188106060028077,"z":0.6374876499176025},"rotation":{"x":-0.21803994476795197,"y":-0.5095634460449219,"z":0.13529472053050996,"w":-0.8213078379631043},"size":5.334955215454102,"orthographic":false}