{"cameraMode":{"drawMode":0,"name":"Shaded","section":"Shading Mode"},"sceneLighting":true,"audioPlay":false,"sceneViewState":{"showFog":true,"showMaterialUpdate":true,"showSkybox":false,"showFlares":true,"showImageEffects":true,"showParticleSystems":true},"in2DMode":false,"pivot":{"x":-4.9549994468688969,"y":4.020404815673828,"z":2.700000286102295},"rotation":{"x":0.3046574294567108,"y":0.40142205357551577,"z":-0.14357148110866548,"w":0.8517458438873291},"size":3.944706916809082,"orthographic":false}