{"cameraMode":{"drawMode":0,"name":"Shaded","section":"Shading Mode"},"sceneLighting":true,"audioPlay":false,"sceneViewState":{"showFog":true,"showMaterialUpdate":true,"showSkybox":false,"showFlares":true,"showImageEffects":true,"showParticleSystems":true},"in2DMode":false,"pivot":{"x":-0.5545946955680847,"y":-4.7091522216796879,"z":3.8261680603027345},"rotation":{"x":0.42930111289024355,"y":0.03114824928343296,"z":-0.01481662318110466,"w":0.902506411075592},"size":12.621321678161621,"orthographic":false}