{"cameraMode":{"drawMode":0,"name":"Shaded","section":"Shading Mode"},"sceneLighting":false,"audioPlay":false,"sceneViewState":{"showFog":true,"showMaterialUpdate":true,"showSkybox":false,"showFlares":true,"showImageEffects":true,"showParticleSystems":true},"in2DMode":false,"pivot":{"x":-4.243556499481201,"y":0.5949639678001404,"z":3.0829291343688967},"rotation":{"x":0.08611712604761124,"y":0.13260142505168916,"z":-0.011566516011953354,"w":0.9873586893081665},"size":3.7889862060546877,"orthographic":false}