{"cameraMode":{"drawMode":0,"name":"Shaded","section":"Shading Mode"},"sceneLighting":false,"audioPlay":false,"sceneViewState":{"showFog":true,"showMaterialUpdate":true,"showSkybox":false,"showFlares":true,"showImageEffects":true,"showParticleSystems":true},"in2DMode":false,"pivot":{"x":-0.02638692781329155,"y":0.9966504573822022,"z":20.176328659057618},"rotation":{"x":0.12264558672904968,"y":-0.02679314650595188,"z":0.0033097066916525366,"w":0.9920860528945923},"size":0.7330161929130554,"orthographic":false}