{"cameraMode":{"drawMode":0,"name":"Shaded","section":"Shading Mode"},"sceneLighting":false,"audioPlay":false,"sceneViewState":{"showFog":true,"showMaterialUpdate":true,"showSkybox":false,"showFlares":true,"showImageEffects":true,"showParticleSystems":true},"in2DMode":false,"pivot":{"x":0.7465928792953491,"y":4.282452583312988,"z":-0.7064180374145508},"rotation":{"x":0.31116440892219546,"y":0.021379757672548295,"z":-0.007002967409789562,"w":0.9500930905342102},"size":7.072628021240234,"orthographic":false}