{"cameraMode":{"drawMode":0,"name":"Shaded","section":"Shading Mode"},"sceneLighting":false,"audioPlay":false,"sceneViewState":{"showFog":true,"showMaterialUpdate":true,"showSkybox":false,"showFlares":true,"showImageEffects":true,"showParticleSystems":true},"in2DMode":false,"pivot":{"x":-3.284316062927246,"y":-2.9912710189819338,"z":3.0022218227386476},"rotation":{"x":0.4448174834251404,"y":0.2466374933719635,"z":-0.12887690961360932,"w":0.8512974381446838},"size":4.088986396789551,"orthographic":false}