{"cameraMode":{"drawMode":0,"name":"Shaded","section":"Shading Mode"},"sceneLighting":false,"audioPlay":false,"sceneViewState":{"showFog":true,"showMaterialUpdate":true,"showSkybox":false,"showFlares":true,"showImageEffects":true,"showParticleSystems":true},"in2DMode":false,"pivot":{"x":-1.5709260702133179,"y":2.3272743225097658,"z":0.1818981170654297},"rotation":{"x":0.4322555363178253,"y":-0.005410604644566774,"z":0.0025931987911462785,"w":0.9017348289489746},"size":35.70309066772461,"orthographic":false}