{"cameraMode":{"drawMode":0,"name":"Shaded","section":"Shading Mode"},"sceneLighting":true,"audioPlay":false,"sceneViewState":{"showFog":true,"showMaterialUpdate":true,"showSkybox":false,"showFlares":true,"showImageEffects":true,"showParticleSystems":true},"in2DMode":false,"pivot":{"x":1.4889302253723145,"y":1.9880084991455079,"z":-1.6365623474121094},"rotation":{"x":0.42930111289024355,"y":0.03114824928343296,"z":-0.01481662318110466,"w":0.902506411075592},"size":7.462904453277588,"orthographic":false}