{"cameraMode":{"drawMode":0,"name":"Shaded","section":"Shading Mode"},"sceneLighting":false,"audioPlay":false,"sceneViewState":{"showFog":true,"showMaterialUpdate":true,"showSkybox":false,"showFlares":true,"showImageEffects":true,"showParticleSystems":true},"in2DMode":false,"pivot":{"x":-23.67053985595703,"y":-3.6810154914855959,"z":-8.05067253112793},"rotation":{"x":0.3237631320953369,"y":0.29526808857917788,"z":-0.10711218416690827,"w":0.8924888968467712},"size":7.449054718017578,"orthographic":false}