{"cameraMode":{"drawMode":0,"name":"Shaded","section":"Shading Mode"},"sceneLighting":false,"audioPlay":false,"sceneViewState":{"showFog":true,"showMaterialUpdate":true,"showSkybox":false,"showFlares":true,"showImageEffects":true,"showParticleSystems":true},"in2DMode":false,"pivot":{"x":3.3824238777160646,"y":1.2416572570800782,"z":1.3369636535644532},"rotation":{"x":0.42076268792152407,"y":0.050305455923080447,"z":-0.023376619443297387,"w":0.905475914478302},"size":15.163344383239746,"orthographic":false}