{"cameraMode":{"drawMode":0,"name":"Shaded","section":"Shading Mode"},"sceneLighting":false,"audioPlay":false,"sceneViewState":{"showFog":true,"showMaterialUpdate":true,"showSkybox":false,"showFlares":true,"showImageEffects":true,"showParticleSystems":true},"in2DMode":false,"pivot":{"x":0.3757967948913574,"y":-37.1180305480957,"z":16.842206954956056},"rotation":{"x":0.5190611481666565,"y":0.024869391694664956,"z":-0.015107696875929833,"w":0.8542571067810059},"size":26.623695373535158,"orthographic":false}