{"cameraMode":{"drawMode":0,"name":"Shaded","section":"Shading Mode"},"sceneLighting":false,"audioPlay":false,"sceneViewState":{"showFog":true,"showMaterialUpdate":true,"showSkybox":false,"showFlares":true,"showImageEffects":true,"showParticleSystems":true},"in2DMode":false,"pivot":{"x":-20.18026351928711,"y":0.5763378143310547,"z":-9.261505126953125},"rotation":{"x":0.5149965882301331,"y":-0.14955933392047883,"z":0.09179885685443878,"w":0.8390392661094666},"size":5.334003925323486,"orthographic":false}