{"cameraMode":{"drawMode":0,"name":"Shaded","section":"Shading Mode"},"sceneLighting":true,"audioPlay":false,"sceneViewState":{"showFog":true,"showMaterialUpdate":true,"showSkybox":false,"showFlares":true,"showImageEffects":true,"showParticleSystems":true},"in2DMode":false,"pivot":{"x":5.775000095367432,"y":3.8804049491882326,"z":49.4900016784668},"rotation":{"x":0.3046574294567108,"y":0.40142205357551577,"z":-0.14357148110866548,"w":0.8517458438873291},"size":3.944706678390503,"orthographic":false}