{"cameraMode":{"drawMode":0,"name":"Shaded","section":"Shading Mode"},"sceneLighting":false,"audioPlay":false,"sceneViewState":{"showFog":true,"showMaterialUpdate":true,"showSkybox":false,"showFlares":true,"showImageEffects":true,"showParticleSystems":true},"in2DMode":false,"pivot":{"x":-0.3474140167236328,"y":1.088329792022705,"z":-0.22195816040039063},"rotation":{"x":0.033324871212244037,"y":-0.9615085124969482,"z":0.23682653903961183,"w":0.13529792428016663},"size":0.9615790247917175,"orthographic":false}