{"cameraMode":{"drawMode":0,"name":"Shaded","section":"Shading Mode"},"sceneLighting":false,"audioPlay":false,"sceneViewState":{"showFog":true,"showMaterialUpdate":true,"showSkybox":false,"showFlares":true,"showImageEffects":true,"showParticleSystems":true,"showVisualEffectGraphs":true,"m_FxEnabled":true},"in2DMode":false,"pivot":{"x":0.00019663572311401367,"y":0.9646784067153931,"z":20.04584312438965},"rotation":{"x":0.23874415457248689,"y":-0.2402428537607193,"z":0.06108815595507622,"w":0.9389130473136902},"size":0.4330161511898041,"orthographic":false}